"Folder"	"Gene"	"iframe"
"STAMP_v1_Lollipop"	"ABCC9"	1448
"STAMP_v1_Lollipop"	"ABL1"	1450
"STAMP_v1_Lollipop"	"ADAMTS12"	1452
"STAMP_v1_Lollipop"	"AKT1"	1454
"STAMP_v1_Lollipop"	"ALK"	1456
"STAMP_v1_Lollipop"	"AMOT"	1458
"STAMP_v1_Lollipop"	"ASB18"	1460
"STAMP_v1_Lollipop"	"ASTN1"	1462
"STAMP_v1_Lollipop"	"ASTN2"	1464
"STAMP_v1_Lollipop"	"ATP11B"	1466
"STAMP_v1_Lollipop"	"BCL2"	1468
"STAMP_v1_Lollipop"	"BRAF"	1470
"STAMP_v1_Lollipop"	"BRINP3"	1472
"STAMP_v1_Lollipop"	"C14orf177"	1474
"STAMP_v1_Lollipop"	"C6orf118"	1476
"STAMP_v1_Lollipop"	"CA10"	1478
"STAMP_v1_Lollipop"	"CD226"	1480
"STAMP_v1_Lollipop"	"CDH1"	1482
"STAMP_v1_Lollipop"	"CDH12"	1484
"STAMP_v1_Lollipop"	"CDH18"	1486
"STAMP_v1_Lollipop"	"CDH7"	1488
"STAMP_v1_Lollipop"	"CDH9"	1490
"STAMP_v1_Lollipop"	"CDKN2A"	1492
"STAMP_v1_Lollipop"	"CHRM2"	1494
"STAMP_v1_Lollipop"	"CNTNAP2"	1496
"STAMP_v1_Lollipop"	"CNTNAP5"	1498
"STAMP_v1_Lollipop"	"COL22A1"	1500
"STAMP_v1_Lollipop"	"CSMD1"	1502
"STAMP_v1_Lollipop"	"CSMD3"	1504
"STAMP_v1_Lollipop"	"CTNNA2"	1506
"STAMP_v1_Lollipop"	"CTNNB1"	1508
"STAMP_v1_Lollipop"	"CTSS"	1510
"STAMP_v1_Lollipop"	"CUL3"	1512
"STAMP_v1_Lollipop"	"DCAF12L1"	1514
"STAMP_v1_Lollipop"	"DCAF12L2"	1516
"STAMP_v1_Lollipop"	"DCAF4L2"	1518
"STAMP_v1_Lollipop"	"DCC"	1520
"STAMP_v1_Lollipop"	"DDR2"	1522
"STAMP_v1_Lollipop"	"DDX1"	1524
"STAMP_v1_Lollipop"	"DMD"	1526
"STAMP_v1_Lollipop"	"EGFLAM"	1528
"STAMP_v1_Lollipop"	"EGFR"	1530
"STAMP_v1_Lollipop"	"ERBB2"	1532
"STAMP_v1_Lollipop"	"ERBB4"	1534
"STAMP_v1_Lollipop"	"FAM135B"	1536
"STAMP_v1_Lollipop"	"FAM5C"	1538
"STAMP_v1_Lollipop"	"FBN2"	1540
"STAMP_v1_Lollipop"	"FBXL7"	1542
"STAMP_v1_Lollipop"	"FBXW7"	1544
"STAMP_v1_Lollipop"	"FGD1"	1546
"STAMP_v1_Lollipop"	"FGF3"	1548
"STAMP_v1_Lollipop"	"FGFR1"	1550
"STAMP_v1_Lollipop"	"FGFR2"	1552
"STAMP_v1_Lollipop"	"FGFR3"	1554
"STAMP_v1_Lollipop"	"FOXO1"	1556
"STAMP_v1_Lollipop"	"FRYL"	1558
"STAMP_v1_Lollipop"	"GABRA2"	1560
"STAMP_v1_Lollipop"	"GABRA6"	1562
"STAMP_v1_Lollipop"	"GRID1"	1564
"STAMP_v1_Lollipop"	"GRIK3"	1566
"STAMP_v1_Lollipop"	"GRM8"	1568
"STAMP_v1_Lollipop"	"HAX1"	1570
"STAMP_v1_Lollipop"	"HCN1"	1572
"STAMP_v1_Lollipop"	"HRAS"	1574
"STAMP_v1_Lollipop"	"HTR1A"	1576
"STAMP_v1_Lollipop"	"IDH1"	1578
"STAMP_v1_Lollipop"	"IFLTD1"	1580
"STAMP_v1_Lollipop"	"IGFL3"	1582
"STAMP_v1_Lollipop"	"IQCJ-SCHIP1"	1584
"STAMP_v1_Lollipop"	"KCND2"	1586
"STAMP_v1_Lollipop"	"KCNJ3"	1588
"STAMP_v1_Lollipop"	"KCNT2"	1590
"STAMP_v1_Lollipop"	"KDR"	1592
"STAMP_v1_Lollipop"	"KEAP1"	1594
"STAMP_v1_Lollipop"	"KIT"	1596
"STAMP_v1_Lollipop"	"KLHL1"	1598
"STAMP_v1_Lollipop"	"KRAS"	1600
"STAMP_v1_Lollipop"	"LANCL2"	1602
"STAMP_v1_Lollipop"	"LPL"	1604
"STAMP_v1_Lollipop"	"LPPR4"	1606
"STAMP_v1_Lollipop"	"LRFN5"	1608
"STAMP_v1_Lollipop"	"LRP1B"	1610
"STAMP_v1_Lollipop"	"LRRIQ3"	1612
"STAMP_v1_Lollipop"	"LRRTM1"	1614
"STAMP_v1_Lollipop"	"LRRTM4"	1616
"STAMP_v1_Lollipop"	"MAP2K1"	1618
"STAMP_v1_Lollipop"	"MAP2K2"	1620
"STAMP_v1_Lollipop"	"MARCH1"	1622
"STAMP_v1_Lollipop"	"MCCC1"	1624
"STAMP_v1_Lollipop"	"MCF2L2"	1626
"STAMP_v1_Lollipop"	"MCL1"	1628
"STAMP_v1_Lollipop"	"MECOM"	1630
"STAMP_v1_Lollipop"	"MET"	1632
"STAMP_v1_Lollipop"	"MKRN3"	1634
"STAMP_v1_Lollipop"	"MRGPRD"	1636
"STAMP_v1_Lollipop"	"MS4A3"	1638
"STAMP_v1_Lollipop"	"MYC"	1640
"STAMP_v1_Lollipop"	"MYCN"	1642
"STAMP_v1_Lollipop"	"MYD88"	1644
"STAMP_v1_Lollipop"	"MYEOV"	1646
"STAMP_v1_Lollipop"	"NAV3"	1648
"STAMP_v1_Lollipop"	"NCAM1"	1650
"STAMP_v1_Lollipop"	"NETO1"	1652
"STAMP_v1_Lollipop"	"NFE2L2"	1654
"STAMP_v1_Lollipop"	"NKD2"	1656
"STAMP_v1_Lollipop"	"NLRP3"	1658
"STAMP_v1_Lollipop"	"NOTCH1"	1660
"STAMP_v1_Lollipop"	"NRAS"	1662
"STAMP_v1_Lollipop"	"NT5C1A"	1664
"STAMP_v1_Lollipop"	"PABPC4"	1666
"STAMP_v1_Lollipop"	"PAK7"	1668
"STAMP_v1_Lollipop"	"PALB2"	1670
"STAMP_v1_Lollipop"	"PARK2"	1672
"STAMP_v1_Lollipop"	"PDGFRA"	1674
"STAMP_v1_Lollipop"	"PDGFRB"	1676
"STAMP_v1_Lollipop"	"PDYN"	1678
"STAMP_v1_Lollipop"	"PDZRN3"	1680
"STAMP_v1_Lollipop"	"PHC3"	1682
"STAMP_v1_Lollipop"	"PIK3CA"	1684
"STAMP_v1_Lollipop"	"PKLR"	1686
"STAMP_v1_Lollipop"	"POLDIP2"	1688
"STAMP_v1_Lollipop"	"POM121L12"	1690
"STAMP_v1_Lollipop"	"PTEN"	1692
"STAMP_v1_Lollipop"	"PTPRD"	1694
"STAMP_v1_Lollipop"	"RAF1"	1696
"STAMP_v1_Lollipop"	"RB1"	1698
"STAMP_v1_Lollipop"	"REG3A"	1700
"STAMP_v1_Lollipop"	"RET"	1702
"STAMP_v1_Lollipop"	"RFX5"	1704
"STAMP_v1_Lollipop"	"RIT2"	1706
"STAMP_v1_Lollipop"	"RLF"	1708
"STAMP_v1_Lollipop"	"ROBO1"	1710
"STAMP_v1_Lollipop"	"ROS1"	1712
"STAMP_v1_Lollipop"	"RPS4Y1"	1714
"STAMP_v1_Lollipop"	"S100A7"	1716
"STAMP_v1_Lollipop"	"SAMD7"	1718
"STAMP_v1_Lollipop"	"SEMA6C"	1720
"STAMP_v1_Lollipop"	"SERPINB3"	1722
"STAMP_v1_Lollipop"	"SETBP1"	1724
"STAMP_v1_Lollipop"	"SF3B1"	1726
"STAMP_v1_Lollipop"	"SKP2"	1728
"STAMP_v1_Lollipop"	"SLC14A2"	1730
"STAMP_v1_Lollipop"	"SLC1A3"	1732
"STAMP_v1_Lollipop"	"SLC45A2"	1734
"STAMP_v1_Lollipop"	"SLC8A1"	1736
"STAMP_v1_Lollipop"	"SLIT3"	1738
"STAMP_v1_Lollipop"	"SLITRK1"	1740
"STAMP_v1_Lollipop"	"SMAD4"	1742
"STAMP_v1_Lollipop"	"SOX2"	1744
"STAMP_v1_Lollipop"	"SPTA1"	1746
"STAMP_v1_Lollipop"	"ST6GAL2"	1748
"STAMP_v1_Lollipop"	"STK11"	1750
"STAMP_v1_Lollipop"	"SYT4"	1752
"STAMP_v1_Lollipop"	"TG"	1754
"STAMP_v1_Lollipop"	"TGFBR3"	1756
"STAMP_v1_Lollipop"	"TNN"	1758
"STAMP_v1_Lollipop"	"TNR"	1760
"STAMP_v1_Lollipop"	"TP53"	1762
"STAMP_v1_Lollipop"	"TP63"	1764
"STAMP_v1_Lollipop"	"TPCN2"	1766
"STAMP_v1_Lollipop"	"TRIM58"	1768
"STAMP_v1_Lollipop"	"TRIP13"	1770
"STAMP_v1_Lollipop"	"TRPC5"	1772
"STAMP_v1_Lollipop"	"U2AF1"	1774
"STAMP_v1_Lollipop"	"UGT3A2"	1776
"STAMP_v1_Lollipop"	"VSTM2A"	1778
"STAMP_v1_Lollipop"	"WDR7"	1780
"STAMP_v1_Lollipop"	"WHSC1L1"	1782
"STAMP_v1_Lollipop"	"ZAN"	1784
"STAMP_v1_Lollipop"	"ZIC1"	1786
"STAMP_v1_Lollipop"	"ZIC4"	1788
"STAMP_v1_Lollipop"	"ZMYM5"	1790
"STAMP_v1_Lollipop"	"ZNF236"	1792
"STAMP_v1_Lollipop"	"ZNF521"	1794
"STAMP_v2_Lollipop"	"ABL1"	1796
"STAMP_v2_Lollipop"	"AKT1"	1798
"STAMP_v2_Lollipop"	"ALK"	1800
"STAMP_v2_Lollipop"	"APC"	1802
"STAMP_v2_Lollipop"	"AR"	1804
"STAMP_v2_Lollipop"	"ARAF"	1806
"STAMP_v2_Lollipop"	"ARID1A"	1808
"STAMP_v2_Lollipop"	"AURKA"	1810
"STAMP_v2_Lollipop"	"BAP1"	1812
"STAMP_v2_Lollipop"	"BCL2"	1814
"STAMP_v2_Lollipop"	"BCR"	1816
"STAMP_v2_Lollipop"	"BRAF"	1818
"STAMP_v2_Lollipop"	"BRCA1"	1820
"STAMP_v2_Lollipop"	"BRCA2"	1822
"STAMP_v2_Lollipop"	"CASP8"	1824
"STAMP_v2_Lollipop"	"CCND1"	1826
"STAMP_v2_Lollipop"	"CCND2"	1828
"STAMP_v2_Lollipop"	"CCND3"	1830
"STAMP_v2_Lollipop"	"CCNE1"	1832
"STAMP_v2_Lollipop"	"CDH1"	1834
"STAMP_v2_Lollipop"	"CDK12"	1836
"STAMP_v2_Lollipop"	"CDK4"	1838
"STAMP_v2_Lollipop"	"CDK6"	1840
"STAMP_v2_Lollipop"	"CDKN1B"	1842
"STAMP_v2_Lollipop"	"CDKN2A"	1844
"STAMP_v2_Lollipop"	"CDKN2B"	1846
"STAMP_v2_Lollipop"	"CHEK2"	1848
"STAMP_v2_Lollipop"	"CREBBP"	1850
"STAMP_v2_Lollipop"	"CTNNB1"	1852
"STAMP_v2_Lollipop"	"CUL3"	1854
"STAMP_v2_Lollipop"	"DDR2"	1856
"STAMP_v2_Lollipop"	"DNMT3A"	1858
"STAMP_v2_Lollipop"	"EGFR"	1860
"STAMP_v2_Lollipop"	"EP300"	1862
"STAMP_v2_Lollipop"	"EPHA2"	1864
"STAMP_v2_Lollipop"	"EPHA3"	1866
"STAMP_v2_Lollipop"	"ERBB2"	1868
"STAMP_v2_Lollipop"	"ERBB3"	1870
"STAMP_v2_Lollipop"	"ERBB4"	1872
"STAMP_v2_Lollipop"	"ESR1"	1874
"STAMP_v2_Lollipop"	"EZH2"	1876
"STAMP_v2_Lollipop"	"FAM135B"	1878
"STAMP_v2_Lollipop"	"FAM5C"	1880
"STAMP_v2_Lollipop"	"FBXW7"	1882
"STAMP_v2_Lollipop"	"FGF3"	1884
"STAMP_v2_Lollipop"	"FGF4"	1886
"STAMP_v2_Lollipop"	"FGFR1"	1888
"STAMP_v2_Lollipop"	"FGFR2"	1890
"STAMP_v2_Lollipop"	"FGFR3"	1892
"STAMP_v2_Lollipop"	"FLT3"	1894
"STAMP_v2_Lollipop"	"FOXO1"	1896
"STAMP_v2_Lollipop"	"GATA3"	1898
"STAMP_v2_Lollipop"	"GNA11"	1900
"STAMP_v2_Lollipop"	"GNAQ"	1902
"STAMP_v2_Lollipop"	"GNAS"	1904
"STAMP_v2_Lollipop"	"HGF"	1906
"STAMP_v2_Lollipop"	"HNF1A"	1908
"STAMP_v2_Lollipop"	"HRAS"	1910
"STAMP_v2_Lollipop"	"IDH1"	1912
"STAMP_v2_Lollipop"	"IDH2"	1914
"STAMP_v2_Lollipop"	"IGF1R"	1916
"STAMP_v2_Lollipop"	"JAK2"	1918
"STAMP_v2_Lollipop"	"JAK3"	1920
"STAMP_v2_Lollipop"	"KCNT2"	1922
"STAMP_v2_Lollipop"	"KDR"	1924
"STAMP_v2_Lollipop"	"KEAP1"	1926
"STAMP_v2_Lollipop"	"KIT"	1928
"STAMP_v2_Lollipop"	"KRAS"	1930
"STAMP_v2_Lollipop"	"MAP2K1"	1932
"STAMP_v2_Lollipop"	"MAP2K2"	1934
"STAMP_v2_Lollipop"	"MDM2"	1936
"STAMP_v2_Lollipop"	"MDM4"	1938
"STAMP_v2_Lollipop"	"MED12"	1940
"STAMP_v2_Lollipop"	"MET"	1942
"STAMP_v2_Lollipop"	"MLH1"	1944
"STAMP_v2_Lollipop"	"MSH2"	1946
"STAMP_v2_Lollipop"	"MTOR"	1948
"STAMP_v2_Lollipop"	"MYC"	1950
"STAMP_v2_Lollipop"	"MYCL"	1952
"STAMP_v2_Lollipop"	"MYCN"	1954
"STAMP_v2_Lollipop"	"MYD88"	1956
"STAMP_v2_Lollipop"	"NF1"	1958
"STAMP_v2_Lollipop"	"NF2"	1960
"STAMP_v2_Lollipop"	"NFE2L2"	1962
"STAMP_v2_Lollipop"	"NKX2-1"	1964
"STAMP_v2_Lollipop"	"NOTCH1"	1966
"STAMP_v2_Lollipop"	"NRAS"	1968
"STAMP_v2_Lollipop"	"NTRK1"	1970
"STAMP_v2_Lollipop"	"NTRK2"	1972
"STAMP_v2_Lollipop"	"NTRK3"	1974
"STAMP_v2_Lollipop"	"PALB2"	1976
"STAMP_v2_Lollipop"	"PCBP1"	1978
"STAMP_v2_Lollipop"	"PDGFRA"	1980
"STAMP_v2_Lollipop"	"PDGFRB"	1982
"STAMP_v2_Lollipop"	"PIK3CA"	1984
"STAMP_v2_Lollipop"	"PIK3R1"	1986
"STAMP_v2_Lollipop"	"POLD1"	1988
"STAMP_v2_Lollipop"	"POLE"	1990
"STAMP_v2_Lollipop"	"PPP2R1A"	1992
"STAMP_v2_Lollipop"	"PTCH1"	1994
"STAMP_v2_Lollipop"	"PTEN"	1996
"STAMP_v2_Lollipop"	"PTPN11"	1998
"STAMP_v2_Lollipop"	"PTPRD"	2000
"STAMP_v2_Lollipop"	"RAC1"	2002
"STAMP_v2_Lollipop"	"RAF1"	2004
"STAMP_v2_Lollipop"	"RB1"	2006
"STAMP_v2_Lollipop"	"RET"	2008
"STAMP_v2_Lollipop"	"RHOA"	2010
"STAMP_v2_Lollipop"	"RIT1"	2012
"STAMP_v2_Lollipop"	"ROS1"	2014
"STAMP_v2_Lollipop"	"RPS4Y1"	2016
"STAMP_v2_Lollipop"	"SETBP1"	2018
"STAMP_v2_Lollipop"	"SETD2"	2020
"STAMP_v2_Lollipop"	"SF3B1"	2022
"STAMP_v2_Lollipop"	"SMAD4"	2024
"STAMP_v2_Lollipop"	"SMO"	2026
"STAMP_v2_Lollipop"	"SOX2"	2028
"STAMP_v2_Lollipop"	"SPOP"	2030
"STAMP_v2_Lollipop"	"SRC"	2032
"STAMP_v2_Lollipop"	"SRSF2"	2034
"STAMP_v2_Lollipop"	"STK11"	2036
"STAMP_v2_Lollipop"	"TP53"	2038
"STAMP_v2_Lollipop"	"TP63"	2040
"STAMP_v2_Lollipop"	"TSC1"	2042
"STAMP_v2_Lollipop"	"TSC2"	2044
"STAMP_v2_Lollipop"	"U2AF1"	2046
"STAMP_v2_Lollipop"	"VEGFA"	2048
"STAMP_v2_Lollipop"	"VHL"	2050
"STAMP_v2_Lollipop"	"YAP1"	2052
"STAMP_all_Lollipop"	"ABCC9"	2054
"STAMP_all_Lollipop"	"ABL1"	2056
"STAMP_all_Lollipop"	"ADAMTS12"	2058
"STAMP_all_Lollipop"	"AKT1"	2060
"STAMP_all_Lollipop"	"ALK"	2062
"STAMP_all_Lollipop"	"AMOT"	2064
"STAMP_all_Lollipop"	"APC"	2066
"STAMP_all_Lollipop"	"AR"	2068
"STAMP_all_Lollipop"	"ARAF"	2070
"STAMP_all_Lollipop"	"ARID1A"	2072
"STAMP_all_Lollipop"	"ASB18"	2074
"STAMP_all_Lollipop"	"ASTN1"	2076
"STAMP_all_Lollipop"	"ASTN2"	2078
"STAMP_all_Lollipop"	"ATP11B"	2080
"STAMP_all_Lollipop"	"AURKA"	2082
"STAMP_all_Lollipop"	"BAP1"	2084
"STAMP_all_Lollipop"	"BCL2"	2086
"STAMP_all_Lollipop"	"BCR"	2088
"STAMP_all_Lollipop"	"BRAF"	2090
"STAMP_all_Lollipop"	"BRCA1"	2092
"STAMP_all_Lollipop"	"BRCA2"	2094
"STAMP_all_Lollipop"	"BRINP3"	2096
"STAMP_all_Lollipop"	"C14orf177"	2098
"STAMP_all_Lollipop"	"C6orf118"	2100
"STAMP_all_Lollipop"	"CA10"	2102
"STAMP_all_Lollipop"	"CASP8"	2104
"STAMP_all_Lollipop"	"CCND1"	2106
"STAMP_all_Lollipop"	"CCND2"	2108
"STAMP_all_Lollipop"	"CCND3"	2110
"STAMP_all_Lollipop"	"CCNE1"	2112
"STAMP_all_Lollipop"	"CD226"	2114
"STAMP_all_Lollipop"	"CDH1"	2116
"STAMP_all_Lollipop"	"CDH12"	2118
"STAMP_all_Lollipop"	"CDH18"	2120
"STAMP_all_Lollipop"	"CDH7"	2122
"STAMP_all_Lollipop"	"CDH9"	2124
"STAMP_all_Lollipop"	"CDK12"	2126
"STAMP_all_Lollipop"	"CDK4"	2128
"STAMP_all_Lollipop"	"CDK6"	2130
"STAMP_all_Lollipop"	"CDKN1B"	2132
"STAMP_all_Lollipop"	"CDKN2A"	2134
"STAMP_all_Lollipop"	"CDKN2B"	2136
"STAMP_all_Lollipop"	"CHEK2"	2138
"STAMP_all_Lollipop"	"CHRM2"	2140
"STAMP_all_Lollipop"	"CNTNAP2"	2142
"STAMP_all_Lollipop"	"CNTNAP5"	2144
"STAMP_all_Lollipop"	"COL22A1"	2146
"STAMP_all_Lollipop"	"CREBBP"	2148
"STAMP_all_Lollipop"	"CSMD1"	2150
"STAMP_all_Lollipop"	"CSMD3"	2152
"STAMP_all_Lollipop"	"CTNNA2"	2154
"STAMP_all_Lollipop"	"CTNNB1"	2156
"STAMP_all_Lollipop"	"CTSS"	2158
"STAMP_all_Lollipop"	"CUL3"	2160
"STAMP_all_Lollipop"	"DCAF12L1"	2162
"STAMP_all_Lollipop"	"DCAF12L2"	2164
"STAMP_all_Lollipop"	"DCAF4L2"	2166
"STAMP_all_Lollipop"	"DCC"	2168
"STAMP_all_Lollipop"	"DDR2"	2170
"STAMP_all_Lollipop"	"DDX1"	2172
"STAMP_all_Lollipop"	"DMD"	2174
"STAMP_all_Lollipop"	"DNMT3A"	2176
"STAMP_all_Lollipop"	"EGFLAM"	2178
"STAMP_all_Lollipop"	"EGFR"	2180
"STAMP_all_Lollipop"	"EP300"	2182
"STAMP_all_Lollipop"	"EPHA2"	2184
"STAMP_all_Lollipop"	"EPHA3"	2186
"STAMP_all_Lollipop"	"ERBB2"	2188
"STAMP_all_Lollipop"	"ERBB3"	2190
"STAMP_all_Lollipop"	"ERBB4"	2192
"STAMP_all_Lollipop"	"ESR1"	2194
"STAMP_all_Lollipop"	"EZH2"	2196
"STAMP_all_Lollipop"	"FAM135B"	2198
"STAMP_all_Lollipop"	"FAM5C"	2200
"STAMP_all_Lollipop"	"FBN2"	2202
"STAMP_all_Lollipop"	"FBXL7"	2204
"STAMP_all_Lollipop"	"FBXW7"	2206
"STAMP_all_Lollipop"	"FGD1"	2208
"STAMP_all_Lollipop"	"FGF3"	2210
"STAMP_all_Lollipop"	"FGF4"	2212
"STAMP_all_Lollipop"	"FGFR1"	2214
"STAMP_all_Lollipop"	"FGFR2"	2216
"STAMP_all_Lollipop"	"FGFR3"	2218
"STAMP_all_Lollipop"	"FLT3"	2220
"STAMP_all_Lollipop"	"FOXO1"	2222
"STAMP_all_Lollipop"	"FRYL"	2224
"STAMP_all_Lollipop"	"GABRA2"	2226
"STAMP_all_Lollipop"	"GABRA6"	2228
"STAMP_all_Lollipop"	"GATA3"	2230
"STAMP_all_Lollipop"	"GNA11"	2232
"STAMP_all_Lollipop"	"GNAQ"	2234
"STAMP_all_Lollipop"	"GNAS"	2236
"STAMP_all_Lollipop"	"GRID1"	2238
"STAMP_all_Lollipop"	"GRIK3"	2240
"STAMP_all_Lollipop"	"GRM8"	2242
"STAMP_all_Lollipop"	"HAX1"	2244
"STAMP_all_Lollipop"	"HCN1"	2246
"STAMP_all_Lollipop"	"HGF"	2248
"STAMP_all_Lollipop"	"HNF1A"	2250
"STAMP_all_Lollipop"	"HRAS"	2252
"STAMP_all_Lollipop"	"HTR1A"	2254
"STAMP_all_Lollipop"	"IDH1"	2256
"STAMP_all_Lollipop"	"IDH2"	2258
"STAMP_all_Lollipop"	"IFLTD1"	2260
"STAMP_all_Lollipop"	"IGF1R"	2262
"STAMP_all_Lollipop"	"IGFL3"	2264
"STAMP_all_Lollipop"	"IQCJ-SCHIP1"	2266
"STAMP_all_Lollipop"	"JAK2"	2268
"STAMP_all_Lollipop"	"JAK3"	2270
"STAMP_all_Lollipop"	"KCND2"	2272
"STAMP_all_Lollipop"	"KCNJ3"	2274
"STAMP_all_Lollipop"	"KCNT2"	2276
"STAMP_all_Lollipop"	"KDR"	2278
"STAMP_all_Lollipop"	"KEAP1"	2280
"STAMP_all_Lollipop"	"KIT"	2282
"STAMP_all_Lollipop"	"KLHL1"	2284
"STAMP_all_Lollipop"	"KRAS"	2286
"STAMP_all_Lollipop"	"LANCL2"	2288
"STAMP_all_Lollipop"	"LPL"	2290
"STAMP_all_Lollipop"	"LPPR4"	2292
"STAMP_all_Lollipop"	"LRFN5"	2294
"STAMP_all_Lollipop"	"LRP1B"	2296
"STAMP_all_Lollipop"	"LRRIQ3"	2298
"STAMP_all_Lollipop"	"LRRTM1"	2300
"STAMP_all_Lollipop"	"LRRTM4"	2302
"STAMP_all_Lollipop"	"MAP2K1"	2304
"STAMP_all_Lollipop"	"MAP2K2"	2306
"STAMP_all_Lollipop"	"MARCH1"	2308
"STAMP_all_Lollipop"	"MCCC1"	2310
"STAMP_all_Lollipop"	"MCF2L2"	2312
"STAMP_all_Lollipop"	"MCL1"	2314
"STAMP_all_Lollipop"	"MDM2"	2316
"STAMP_all_Lollipop"	"MDM4"	2318
"STAMP_all_Lollipop"	"MECOM"	2320
"STAMP_all_Lollipop"	"MED12"	2322
"STAMP_all_Lollipop"	"MET"	2324
"STAMP_all_Lollipop"	"MKRN3"	2326
"STAMP_all_Lollipop"	"MLH1"	2328
"STAMP_all_Lollipop"	"MRGPRD"	2330
"STAMP_all_Lollipop"	"MS4A3"	2332
"STAMP_all_Lollipop"	"MSH2"	2334
"STAMP_all_Lollipop"	"MTOR"	2336
"STAMP_all_Lollipop"	"MYC"	2338
"STAMP_all_Lollipop"	"MYCL"	2340
"STAMP_all_Lollipop"	"MYCN"	2342
"STAMP_all_Lollipop"	"MYD88"	2344
"STAMP_all_Lollipop"	"MYEOV"	2346
"STAMP_all_Lollipop"	"NAV3"	2348
"STAMP_all_Lollipop"	"NCAM1"	2350
"STAMP_all_Lollipop"	"NETO1"	2352
"STAMP_all_Lollipop"	"NF1"	2354
"STAMP_all_Lollipop"	"NF2"	2356
"STAMP_all_Lollipop"	"NFE2L2"	2358
"STAMP_all_Lollipop"	"NKD2"	2360
"STAMP_all_Lollipop"	"NKX2-1"	2362
"STAMP_all_Lollipop"	"NLRP3"	2364
"STAMP_all_Lollipop"	"NOTCH1"	2366
"STAMP_all_Lollipop"	"NRAS"	2368
"STAMP_all_Lollipop"	"NT5C1A"	2370
"STAMP_all_Lollipop"	"NTRK1"	2372
"STAMP_all_Lollipop"	"NTRK2"	2374
"STAMP_all_Lollipop"	"NTRK3"	2376
"STAMP_all_Lollipop"	"PABPC4"	2378
"STAMP_all_Lollipop"	"PAK7"	2380
"STAMP_all_Lollipop"	"PALB2"	2382
"STAMP_all_Lollipop"	"PARK2"	2384
"STAMP_all_Lollipop"	"PCBP1"	2386
"STAMP_all_Lollipop"	"PDGFRA"	2388
"STAMP_all_Lollipop"	"PDGFRB"	2390
"STAMP_all_Lollipop"	"PDYN"	2392
"STAMP_all_Lollipop"	"PDZRN3"	2394
"STAMP_all_Lollipop"	"PHC3"	2396
"STAMP_all_Lollipop"	"PIK3CA"	2398
"STAMP_all_Lollipop"	"PIK3R1"	2400
"STAMP_all_Lollipop"	"PKLR"	2402
"STAMP_all_Lollipop"	"POLD1"	2404
"STAMP_all_Lollipop"	"POLDIP2"	2406
"STAMP_all_Lollipop"	"POLE"	2408
"STAMP_all_Lollipop"	"POM121L12"	2410
"STAMP_all_Lollipop"	"PPP2R1A"	2412
"STAMP_all_Lollipop"	"PTCH1"	2414
"STAMP_all_Lollipop"	"PTEN"	2416
"STAMP_all_Lollipop"	"PTPN11"	2418
"STAMP_all_Lollipop"	"PTPRD"	2420
"STAMP_all_Lollipop"	"RAC1"	2422
"STAMP_all_Lollipop"	"RAF1"	2424
"STAMP_all_Lollipop"	"RB1"	2426
"STAMP_all_Lollipop"	"REG3A"	2428
"STAMP_all_Lollipop"	"RET"	2430
"STAMP_all_Lollipop"	"RFX5"	2432
"STAMP_all_Lollipop"	"RHOA"	2434
"STAMP_all_Lollipop"	"RIT1"	2436
"STAMP_all_Lollipop"	"RIT2"	2438
"STAMP_all_Lollipop"	"RLF"	2440
"STAMP_all_Lollipop"	"ROBO1"	2442
"STAMP_all_Lollipop"	"ROS1"	2444
"STAMP_all_Lollipop"	"RPS4Y1"	2446
"STAMP_all_Lollipop"	"S100A7"	2448
"STAMP_all_Lollipop"	"SAMD7"	2450
"STAMP_all_Lollipop"	"SEMA6C"	2452
"STAMP_all_Lollipop"	"SERPINB3"	2454
"STAMP_all_Lollipop"	"SETBP1"	2456
"STAMP_all_Lollipop"	"SETD2"	2458
"STAMP_all_Lollipop"	"SF3B1"	2460
"STAMP_all_Lollipop"	"SKP2"	2462
"STAMP_all_Lollipop"	"SLC14A2"	2464
"STAMP_all_Lollipop"	"SLC1A3"	2466
"STAMP_all_Lollipop"	"SLC45A2"	2468
"STAMP_all_Lollipop"	"SLC8A1"	2470
"STAMP_all_Lollipop"	"SLIT3"	2472
"STAMP_all_Lollipop"	"SLITRK1"	2474
"STAMP_all_Lollipop"	"SMAD4"	2476
"STAMP_all_Lollipop"	"SMO"	2478
"STAMP_all_Lollipop"	"SOX2"	2480
"STAMP_all_Lollipop"	"SPOP"	2482
"STAMP_all_Lollipop"	"SPTA1"	2484
"STAMP_all_Lollipop"	"SRC"	2486
"STAMP_all_Lollipop"	"SRSF2"	2488
"STAMP_all_Lollipop"	"ST6GAL2"	2490
"STAMP_all_Lollipop"	"STK11"	2492
"STAMP_all_Lollipop"	"SYT4"	2494
"STAMP_all_Lollipop"	"TG"	2496
"STAMP_all_Lollipop"	"TGFBR3"	2498
"STAMP_all_Lollipop"	"TNN"	2500
"STAMP_all_Lollipop"	"TNR"	2502
"STAMP_all_Lollipop"	"TP53"	2504
"STAMP_all_Lollipop"	"TP63"	2506
"STAMP_all_Lollipop"	"TPCN2"	2508
"STAMP_all_Lollipop"	"TRIM58"	2510
"STAMP_all_Lollipop"	"TRIP13"	2512
"STAMP_all_Lollipop"	"TRPC5"	2514
"STAMP_all_Lollipop"	"TSC1"	2516
"STAMP_all_Lollipop"	"TSC2"	2518
"STAMP_all_Lollipop"	"U2AF1"	2520
"STAMP_all_Lollipop"	"UGT3A2"	2522
"STAMP_all_Lollipop"	"VEGFA"	2524
"STAMP_all_Lollipop"	"VHL"	2526
"STAMP_all_Lollipop"	"VSTM2A"	2528
"STAMP_all_Lollipop"	"WDR7"	2530
"STAMP_all_Lollipop"	"WHSC1L1"	2532
"STAMP_all_Lollipop"	"YAP1"	2534
"STAMP_all_Lollipop"	"ZAN"	2536
"STAMP_all_Lollipop"	"ZIC1"	2538
"STAMP_all_Lollipop"	"ZIC4"	2540
"STAMP_all_Lollipop"	"ZMYM5"	2542
"STAMP_all_Lollipop"	"ZNF236"	2544
"STAMP_all_Lollipop"	"ZNF521"	2546
